country_name,location_key,iso_3166_1_alpha_3,population,population_male,population_female,population_density,gdp_usd,area_sq_km
Cyprus,CY,CYP,875899,427831,448068,94.4,24942615800,9250
Micronesia,FM,FSM,115021,58480,56541,164.316,401932300,700
Grenada,GD,GRD,112519,56666,55853,330.938,1228170370,340
Iceland,IS,ISL,356991,182837,174154,3.5,24188035738,103000
Jamaica,JM,JAM,2961161,1469641,1491520,273.422,16458071067,10990
Cambodia,KH,KHM,16718971,8162424,8556547,94.714,27089389786,181040
Comoros,KM,COM,869595,438653,430942,467.273,1185728676,1861
Liberia,LR,LBR,5057677,2542539,2515138,52.509,3070518100,111370
Latvia,LV,LVA,1919968,884909,1035059,30.4,34398215400,64490
Marshall Islands,MH,MHL,59194,28373,27502,328.856,221278000,180
Myanmar,MM,MMR,54409794,26220190,28189604,83.286,76085852617,676590
Maldives,MV,MDV,540542,342928,197614,1801.807,5729248472,300
Nauru,NR,NRU,10834,4785,5460,541.7,118223430,20
Poland,PL,POL,37972812,18380376,19592436,123.6,585705873800,312680
Russia,RU,RUS,145934460,67640299,78294161,8.911,1699876578871,17098250
Slovakia,SK,SVK,5450421,2661077,2789344,111.8,105870732800,49030
San Marino,SM,SMR,33938,15936,17019,565.633,1637931034,60
Togo,TG,TGO,8278736,4119404,4159332,152.211,5459979416,56790
Uzbekistan,UZ,UZB,33469199,16696918,16772280,78.677,57921286440,447400
Zimbabwe,ZW,ZWE,14862927,7092010,7770917,38.42,21440758800,390760
Argentina,AR,ARG,44938712,19523766,20593330,16.515,449663446954,2780400
Belgium,BE,BEL,11455519,5644826,5810693,375.3,542587364000,30530
Belarus,BY,BLR,9449321,4399367,5049954,46.569,63080457022,207600
Ivory Coast,CI,CIV,26378275,13300380,13077895,82.951,58792205642,322460
Costa Rica,CR,CRI,5094114,2545076,2549038,99.767,61773944173,51100
Curaçao,CW,CUW,164100,75469,88631,369.595,3127908044,444
Spain,ES,ESP,46937060,23009259,23927801,93.1,1418587740000,505935
Finland,FI,FIN,5517919,2723290,2794629,18.1,276654540000,338450
United Kingdom,GB,GBR,66647112,32901036,33746076,273.8,2860009176200,243610
Greece,GR,GRC,10724599,5208293,5516306,82.5,217962048000,131960
Honduras,HN,HND,9904608,4948880,4955728,88.521,25095395475,112490
India,IN,IND,1380004385,717100970,662903415,464.149,2875142314811,3287259
Kazakhstan,KZ,KAZ,18776707,9112939,9663768,6.955,180161741180,2724901
Niger,NE,NER,24206636,12170165,12036471,19.11,12928145120,1267000
Portugal,PT,PRT,10276617,4852366,5424251,113.0,240597516000,92225
Trinidad and Tobago,TT,TTO,1399491,690947,708544,272.805,24100202833,5130
Saint Vincent and the Grenadines,VC,VCT,110947,56218,54729,284.479,825385185,390
Samoa,WS,WSM,198410,102703,95707,70.11,850655017,2840
Zambia,ZM,ZMB,18383956,9103006,9280950,24.73,23064722446,752610
Brazil,BR,BRA,212559409,104435783,108123626,25.431,1839758040765,8515770
Bulgaria,BG,BGR,7000039,3395701,3604338,63.9,66182565600,111000
Benin,BJ,BEN,12123198,6054248,6068950,107.513,14390709094,114760
Cameroon,CM,CMR,26545864,13277075,13268789,56.157,38760467033,475440
Cape Verde,CV,CPV,555988,279117,276871,137.962,1981845740,4030
Ecuador,EC,ECU,17643060,8823827,8819233,71.038,107435665000,256370
Egypt,EG,EGY,102334403,51702862,50631541,102.802,303175127597,1001450
Fiji,FJ,FJI,896444,454018,442426,49.066,5535548972,18270
Guam,GU,GUM,168783,85140,83643,312.561,5920000000,540
Guyana,GY,GUY,786559,395549,391010,3.996,4280443645,214970
Croatia,HR,HRV,4076246,1972572,2103674,73.2,60917594400,56590
Ireland,IE,IRL,4904240,2428881,2475359,70.9,382365076000,70280
Japan,JP,JPN,126476458,61753045,64723413,346.934,5081769542379,377970
Cayman Islands,KY,CYM,65720,37180,39213,273.833,5485419416,260
Lebanon,LB,LBN,6825442,3435746,3389696,667.199,53367042272,10450
Moldova,MD,MDA,4033963,1931953,2102010,122.799,11955435456,33850
Mongolia,MN,MNG,3278292,1615039,1663253,2.11,13852850259,1564120
Macau,MO,MAC,649342,312100,337242,21717.124,53859116535,30
Malawi,MW,MWI,19129955,9434037,9695918,202.906,7666704427,118480
Nicaragua,NI,NIC,6624554,3264849,3359705,55.049,12520915291,130370
Puerto Rico,PR,PRI,2860840,1355518,1505322,322.53,104988600000,8870
Qatar,QA,QAT,2881060,2165135,715925,248.153,183466208791,11610
Saudi Arabia,SA,SAU,34813867,20131308,14682559,16.195,792966838161,2149690
Tonga,TO,TON,105697,52904,52793,146.801,450353313,750
Turkey,TR,TUR,82003882,41139980,40863902,106.2,754411708202,785350
Tanzania,TZ,TZA,59734213,29851108,29883105,67.435,63177068174,947300
South Africa,ZA,ZAF,59308690,29216012,30092678,48.891,351431649241,1219090
Azerbaijan,AZ,AZE,10139175,5064664,5074511,122.664,48047647058,86600
Bangladesh,BD,BGD,164689383,83259108,81430275,1265.187,302571254131,147630
Burkina Faso,BF,BFA,20903278,10444713,10458565,76.401,15745810234,274220
Bahamas,BS,BHS,393248,191093,202155,39.286,12827000000,13880
Bhutan,BT,BTN,771612,410087,361525,20.243,2446674102,38393
Republic of the Congo,CG,COG,5518092,2756678,2761414,16.158,10820591130,342000
Denmark,DK,DNK,5806081,2889073,2917008,138.0,355582262000,42920
Ethiopia,ET,ETH,114963583,57516835,57446748,114.964,96107662398,1104300
Faroe Islands,FO,FRO,48865,27785,25775,35.004,2833300519,1396
Haiti,HT,HTI,11402533,5626445,5776088,413.735,8498981820,27750
Isle of Man,IM,IMN,85032,47027,46709,149.179,6770532818,570
Italy,IT,ITA,60359546,29384766,30974780,202.9,2083196780000,301340
Jordan,JO,JOR,10203140,5165979,5037161,114.926,43743661971,89320
Luxembourg,LU,LUX,613894,308720,305174,235.1,70862634400,2590
Nepal,NP,NPL,29136808,13348435,15788373,203.256,30641380604,147180
Romania,RO,ROU,19414458,9500450,9914008,83.1,241475766400,238400
Rwanda,RW,RWA,12952209,6367431,6584778,525.019,10122472590,26340
Seychelles,SC,SYC,98340,50439,47901,213.783,1698843062,460
Sweden,SE,SWE,10230185,5142438,5087747,25.0,556025322000,447430
Turks and Caicos Islands,TC,TCA,38718,23158,22841,40.756,1022312010,950
Tunisia,TN,TUN,11818618,5860752,5957866,76.072,38797709923,163610
Vanuatu,VU,VUT,307150,155690,151460,25.197,917058850,12190
Estonia,EE,EST,1324820,625635,699185,30.4,30722303000,45340
United States of America,US,USA,331002647,163786016,167216631,36.185,21374418877706,9831510
United Arab Emirates,AE,ARE,9890400,6836349,3054051,118.306,421142267937,83600
Afghanistan,AF,AFG,38928341,19976265,18952076,59.627,19101353832,652860
Angola,AO,AGO,32866267,16260870,16605398,26.363,94635415869,1246700
Bosnia and Herzegovina,BA,BIH,3280815,1606609,1674206,64.33,20047848434,51210
Barbados,BB,BRB,287371,139084,148287,668.305,5209000000,430
Canada,CA,CAN,37742157,18732178,19009979,4.15,1736425629519,9984670
Switzerland,CH,CHE,8544527,4237121,4307406,213.6,703082435360,41290
China,CN,CHN,1439323774,738247340,701076434,153.312,14342902842915,9562910
Colombia,CO,COL,50882884,24984564,25898320,45.861,323802808108,1141748
Cuba,CU,CUB,11326616,5623468,5703148,106.413,100023000000,109880
Germany,DE,DEU,83019213,40966691,42052522,234.7,3946356600000,357580
Algeria,DZ,DZA,43851043,22153808,21697235,18.411,169988236398,2381740
Georgia,GE,GEO,3989175,1901227,2087947,57.406,17743195770,69700
Ghana,GH,GHA,31072945,15749999,15322946,136.56,66983634223,238540
Guinea,GN,GIN,13132792,6353234,6779558,53.446,13590281808,245860
Equatorial Guinea,GQ,GNQ,1402985,780380,622605,50.017,11026774945,28050
Hungary,HU,HUN,9772756,4675821,5096935,107.1,157862996000,93030
Israel,IL,ISR,8655541,4308117,4347424,399.979,395098666121,22070
Kyrgyzstan,KG,KGZ,6524191,3227270,3296921,34.016,8454619607,199950
South Korea,KR,KOR,51269183,25665854,25603329,527.298,1642383217167,100339
Laos,LA,LAO,7275556,3651794,3623762,31.523,18173839128,236800
Saint Lucia,LC,LCA,183629,90422,93207,301.031,2122450629,620
Liechtenstein,LI,LIE,38378,19025,19353,242.1,6552858738,160
Sri Lanka,LK,LKA,21413250,10267351,11145899,341.465,84008783756,65610
Lithuania,LT,LTU,2794184,1295591,1498593,44.7,53411968400,65286
Libya,LY,LBY,6871287,3468737,3402550,3.905,52076250947,1759540
Panama,PA,PAN,4314768,2159880,2154888,58.041,66800800000,75420
Peru,PE,PER,29381884,14450757,14931127,25.759,226848050819,1285220
Papua New Guinea,PG,PNG,8947027,4568072,4378955,19.757,24969611434,462840
Pakistan,PK,PAK,220892331,113672007,107220324,286.546,278221906022,796100
Palau,PW,PLW,18092,14679,13759,39.33,283994900,460
Solomon Islands,SB,SLB,686878,349262,337616,24.54,1425074225,28900
Singapore,SG,SGP,5850343,3062257,2788086,8357.633,372062527488,719
Senegal,SN,SEN,16743930,8170785,8573145,86.968,23578084052,196710
Suriname,SR,SUR,586634,294822,291812,3.76,3985250737,163820
São Tomé and Príncipe,ST,STP,219161,109675,109486,228.293,429016605,960
Thailand,TH,THA,69799978,33966060,35833918,136.624,543649976165,513120
Tajikistan,TJ,TJK,9537642,4805738,4731904,68.145,8116626794,141380
Turkmenistan,TM,TKM,6031187,2969310,3061877,12.834,40761142857,488100
Tuvalu,TV,TUV,11792,6057,6178,393.067,47271463,30
Ukraine,UA,UKR,43733759,20263148,23470611,75.492,153781069118,603550
United States Virgin Islands,VI,VIR,104423,49601,54822,298.351,3855000000,350
Armenia,AM,ARM,2963234,1393747,1569487,104.083,13672802157,29740
Austria,AT,AUT,8858775,4357033,4501742,107.1,455140042000,83879
Bahrain,BH,BHR,1701583,1100474,601109,2238.925,38574069148,778
Bolivia,BO,BOL,11673029,5858019,5815010,10.775,40895322865,1098580
Central African Republic,CF,CAF,4829764,2394042,2435722,7.753,2220307368,622980
Dominica,DM,DMA,71991,35041,36298,95.988,596033333,750
Gabon,GA,GAB,2225728,1132854,1092874,8.638,16657960228,267670
Greenland,GL,GRL,56772,25310,24138,0.138,3051626389,410450
Gambia,GM,GMB,2416664,1198540,1218124,238.801,1763819047,11300
Guatemala,GT,GTM,17915567,8827109,9088458,167.185,76710385879,108890
Guinea-Bissau,GW,GNB,1967998,962695,1005303,69.986,1340389410,36130
Hong Kong,HK,HKG,7496988,3439666,4057322,7139.989,366029556273,1110
Kuwait,KW,KWT,4270563,2614446,1656117,239.65,134761198945,17820
Malta,MT,MLT,493559,251836,241723,1548.3,14606972200,320
Mauritius,MU,MUS,1271767,627480,644287,626.486,14180444557,2040
Mexico,MX,MEX,110991953,54855231,57481307,66.325,1258286717124,1964375
Malaysia,MY,MYS,32655400,16771000,15884400,98.512,364701517787,330345
Mozambique,MZ,MOZ,31255435,15188235,16067200,39.746,14934159925,786380
Netherlands,NL,NLD,17282163,8581086,8701077,504.0,913366020000,41540
New Zealand,NZ,NZL,4822233,2370163,2452070,18.314,206928765543,267710
Philippines,PH,PHL,100979303,51069962,49909341,367.512,376795508679,300000
Paraguay,PY,PRY,7132530,3624360,3508170,17.953,38145288939,406751
Sudan,SD,SDN,43849269,21907295,21941974,24.843,18902284475,1886068
Sierra Leone,SL,SLE,7976985,3981239,3995746,110.515,3941474310,72300
South Sudan,SS,SSD,11193729,5603014,5590715,18.322,11997800760,619745
Chad,TD,TCD,16425859,8200170,8225689,13.045,11314951342,1284000
East Timor,TL,TLS,1318442,666242,652200,88.665,1673540300,14870
Uganda,UG,UGA,45741000,22546589,23194411,228.922,34387229486,241550
Andorra,AD,AND,77265,58625,55581,164.394,3154057987,470
Antigua and Barbuda,AG,ATG,97928,47269,50659,222.564,1727759259,440
Albania,AL,ALB,2862427,1429594,1432833,99.6,15278077446,28750
Australia,AU,AUS,25499881,12698625,12801256,3.319,1392680589329,7741220
Burundi,BI,BDI,11890781,5899864,5990917,463.037,3012334881,27830
Brunei,BN,BRN,437483,226987,210496,83.014,13469422941,5770
Botswana,BW,BWA,2351625,1139099,1212526,4.149,18340510789,581730
Chile,CL,CHL,17574003,8972014,8601989,25.71,282318159744,756700
Czech Republic,CZ,CZE,10649800,5244194,5405606,137.7,244932977600,78870
Dominican Republic,DO,DOM,10847904,5418206,5429698,224.501,88941298257,48670
France,FR,FRA,67012883,32386507,34626376,105.6,2776646200000,549086
Indonesia,ID,IDN,273523621,137717861,135805760,150.987,1119190780752,1913580
Kenya,KE,KEN,53771300,26718527,27052773,94.478,95503088538,580370
Kiribati,KI,KIR,119446,58744,60702,147.464,194647201,810
Nigeria,NG,NGA,206139587,104469637,101669950,226.336,448120428858,923770
Norway,NO,NOR,5328212,2685073,2643139,17.2,403336363636,625217
Oman,OM,OMN,5106622,3370230,1736392,16.5,76983094928,309500
Palestine,PS,PSE,5101416,2586971,2514445,847.411,14615900000,6020
Serbia,RS,SRB,6963764,3392811,3570953,91.0,51409167350,88360
Swaziland,SZ,SWZ,1160164,570236,589928,67.451,4405405802,17360
Uruguay,UY,URY,3473727,1678336,1795391,19.848,56045912952,176220
Yemen,YE,YEM,29825968,15024985,14800983,56.492,27591261663,527970
Aruba,AW,ABW,106766,50642,56124,593.144,3056424581,180
Belize,BZ,BLZ,397621,197761,199860,17.432,1879613600,22970
Democratic Republic of the Congo,CD,COD,89561404,44710172,44851232,39.506,47319624204,2344860
Djibouti,DJ,DJI,988002,518993,469009,42.623,3318716359,23200
Iraq,IQ,IRQ,40222503,20357778,19864725,92.61,234094042938,435051
Iran,IR,IRN,83992953,42408406,41584547,51.575,445345282122,1745150
Saint Kitts and Nevis,KN,KNA,53192,30289,30759,204.585,1050992592,260
Lesotho,LS,LSO,2142252,1056950,1085302,70.562,2460072443,30360
Morocco,MA,MAR,36910558,18316887,18593671,82.703,118725279596,446550
Monaco,MC,MCO,39244,11648,12406,26338.255,7188238072,2
Montenegro,ME,MNE,622182,307712,314470,45.7,5494736901,13810
Madagascar,MG,MDG,27691019,13814619,13876400,47.596,14083906356,587295
Macedonia,MK,MKD,2077132,1040200,1036932,83.4,12694823394,25710
Mali,ML,MLI,20250834,10145174,10105660,16.596,17510141171,1240190
Northern Mariana Islands,MP,MNP,57557,22286,19704,125.124,1323000000,460
Mauritania,MR,MRT,4649660,2334981,2314679,4.511,7593752450,1030700
Namibia,NA,NAM,2540916,1231683,1309233,3.086,12366527719,824290
Slovenia,SI,SVN,2080908,1038656,1042252,102.9,53990687600,20675
El Salvador,SV,SLV,6486201,3036424,3449777,313.041,27022640000,21040
Vietnam,VN,VNM,97338583,48598254,48740329,313.925,261921244843,331230
